,solar_cycle,date
0,Solar cycle 1,1755-02
1,Solar cycle 1,1755-03
2,Solar cycle 1,1755-04
3,Solar cycle 1,1755-05
4,Solar cycle 1,1755-06
5,Solar cycle 1,1755-07
6,Solar cycle 1,1755-08
7,Solar cycle 1,1755-09
8,Solar cycle 1,1755-10
9,Solar cycle 1,1755-11
10,Solar cycle 1,1755-12
11,Solar cycle 1,1756-01
12,Solar cycle 1,1756-02
13,Solar cycle 1,1756-03
14,Solar cycle 1,1756-04
15,Solar cycle 1,1756-05
16,Solar cycle 1,1756-06
17,Solar cycle 1,1756-07
18,Solar cycle 1,1756-08
19,Solar cycle 1,1756-09
20,Solar cycle 1,1756-10
21,Solar cycle 1,1756-11
22,Solar cycle 1,1756-12
23,Solar cycle 1,1757-01
24,Solar cycle 1,1757-02
25,Solar cycle 1,1757-03
26,Solar cycle 1,1757-04
27,Solar cycle 1,1757-05
28,Solar cycle 1,1757-06
29,Solar cycle 1,1757-07
30,Solar cycle 1,1757-08
31,Solar cycle 1,1757-09
32,Solar cycle 1,1757-10
33,Solar cycle 1,1757-11
34,Solar cycle 1,1757-12
35,Solar cycle 1,1758-01
36,Solar cycle 1,1758-02
37,Solar cycle 1,1758-03
38,Solar cycle 1,1758-04
39,Solar cycle 1,1758-05
40,Solar cycle 1,1758-06
41,Solar cycle 1,1758-07
42,Solar cycle 1,1758-08
43,Solar cycle 1,1758-09
44,Solar cycle 1,1758-10
45,Solar cycle 1,1758-11
46,Solar cycle 1,1758-12
47,Solar cycle 1,1759-01
48,Solar cycle 1,1759-02
49,Solar cycle 1,1759-03
50,Solar cycle 1,1759-04
51,Solar cycle 1,1759-05
52,Solar cycle 1,1759-06
53,Solar cycle 1,1759-07
54,Solar cycle 1,1759-08
55,Solar cycle 1,1759-09
56,Solar cycle 1,1759-10
57,Solar cycle 1,1759-11
58,Solar cycle 1,1759-12
59,Solar cycle 1,1760-01
60,Solar cycle 1,1760-02
61,Solar cycle 1,1760-03
62,Solar cycle 1,1760-04
63,Solar cycle 1,1760-05
64,Solar cycle 1,1760-06
65,Solar cycle 1,1760-07
66,Solar cycle 1,1760-08
67,Solar cycle 1,1760-09
68,Solar cycle 1,1760-10
69,Solar cycle 1,1760-11
70,Solar cycle 1,1760-12
71,Solar cycle 1,1761-01
72,Solar cycle 1,1761-02
73,Solar cycle 1,1761-03
74,Solar cycle 1,1761-04
75,Solar cycle 1,1761-05
76,Solar cycle 1,1761-06
0,Solar cycle 2,1766-06
1,Solar cycle 2,1766-07
2,Solar cycle 2,1766-08
3,Solar cycle 2,1766-09
4,Solar cycle 2,1766-10
5,Solar cycle 2,1766-11
6,Solar cycle 2,1766-12
7,Solar cycle 2,1767-01
8,Solar cycle 2,1767-02
9,Solar cycle 2,1767-03
10,Solar cycle 2,1767-04
11,Solar cycle 2,1767-05
12,Solar cycle 2,1767-06
13,Solar cycle 2,1767-07
14,Solar cycle 2,1767-08
15,Solar cycle 2,1767-09
16,Solar cycle 2,1767-10
17,Solar cycle 2,1767-11
18,Solar cycle 2,1767-12
19,Solar cycle 2,1768-01
20,Solar cycle 2,1768-02
21,Solar cycle 2,1768-03
22,Solar cycle 2,1768-04
23,Solar cycle 2,1768-05
24,Solar cycle 2,1768-06
25,Solar cycle 2,1768-07
26,Solar cycle 2,1768-08
27,Solar cycle 2,1768-09
28,Solar cycle 2,1768-10
29,Solar cycle 2,1768-11
30,Solar cycle 2,1768-12
31,Solar cycle 2,1769-01
32,Solar cycle 2,1769-02
33,Solar cycle 2,1769-03
34,Solar cycle 2,1769-04
35,Solar cycle 2,1769-05
36,Solar cycle 2,1769-06
37,Solar cycle 2,1769-07
38,Solar cycle 2,1769-08
39,Solar cycle 2,1769-09
0,Solar cycle 3,1775-06
1,Solar cycle 3,1775-07
2,Solar cycle 3,1775-08
3,Solar cycle 3,1775-09
4,Solar cycle 3,1775-10
5,Solar cycle 3,1775-11
6,Solar cycle 3,1775-12
7,Solar cycle 3,1776-01
8,Solar cycle 3,1776-02
9,Solar cycle 3,1776-03
10,Solar cycle 3,1776-04
11,Solar cycle 3,1776-05
12,Solar cycle 3,1776-06
13,Solar cycle 3,1776-07
14,Solar cycle 3,1776-08
15,Solar cycle 3,1776-09
16,Solar cycle 3,1776-10
17,Solar cycle 3,1776-11
18,Solar cycle 3,1776-12
19,Solar cycle 3,1777-01
20,Solar cycle 3,1777-02
21,Solar cycle 3,1777-03
22,Solar cycle 3,1777-04
23,Solar cycle 3,1777-05
24,Solar cycle 3,1777-06
25,Solar cycle 3,1777-07
26,Solar cycle 3,1777-08
27,Solar cycle 3,1777-09
28,Solar cycle 3,1777-10
29,Solar cycle 3,1777-11
30,Solar cycle 3,1777-12
31,Solar cycle 3,1778-01
32,Solar cycle 3,1778-02
33,Solar cycle 3,1778-03
34,Solar cycle 3,1778-04
35,Solar cycle 3,1778-05
0,Solar cycle 4,1784-09
1,Solar cycle 4,1784-10
2,Solar cycle 4,1784-11
3,Solar cycle 4,1784-12
4,Solar cycle 4,1785-01
5,Solar cycle 4,1785-02
6,Solar cycle 4,1785-03
7,Solar cycle 4,1785-04
8,Solar cycle 4,1785-05
9,Solar cycle 4,1785-06
10,Solar cycle 4,1785-07
11,Solar cycle 4,1785-08
12,Solar cycle 4,1785-09
13,Solar cycle 4,1785-10
14,Solar cycle 4,1785-11
15,Solar cycle 4,1785-12
16,Solar cycle 4,1786-01
17,Solar cycle 4,1786-02
18,Solar cycle 4,1786-03
19,Solar cycle 4,1786-04
20,Solar cycle 4,1786-05
21,Solar cycle 4,1786-06
22,Solar cycle 4,1786-07
23,Solar cycle 4,1786-08
24,Solar cycle 4,1786-09
25,Solar cycle 4,1786-10
26,Solar cycle 4,1786-11
27,Solar cycle 4,1786-12
28,Solar cycle 4,1787-01
29,Solar cycle 4,1787-02
30,Solar cycle 4,1787-03
31,Solar cycle 4,1787-04
32,Solar cycle 4,1787-05
33,Solar cycle 4,1787-06
34,Solar cycle 4,1787-07
35,Solar cycle 4,1787-08
36,Solar cycle 4,1787-09
37,Solar cycle 4,1787-10
38,Solar cycle 4,1787-11
39,Solar cycle 4,1787-12
40,Solar cycle 4,1788-01
41,Solar cycle 4,1788-02
0,Solar cycle 5,1798-04
1,Solar cycle 5,1798-05
2,Solar cycle 5,1798-06
3,Solar cycle 5,1798-07
4,Solar cycle 5,1798-08
5,Solar cycle 5,1798-09
6,Solar cycle 5,1798-10
7,Solar cycle 5,1798-11
8,Solar cycle 5,1798-12
9,Solar cycle 5,1799-01
10,Solar cycle 5,1799-02
11,Solar cycle 5,1799-03
12,Solar cycle 5,1799-04
13,Solar cycle 5,1799-05
14,Solar cycle 5,1799-06
15,Solar cycle 5,1799-07
16,Solar cycle 5,1799-08
17,Solar cycle 5,1799-09
18,Solar cycle 5,1799-10
19,Solar cycle 5,1799-11
20,Solar cycle 5,1799-12
21,Solar cycle 5,1800-01
22,Solar cycle 5,1800-02
23,Solar cycle 5,1800-03
24,Solar cycle 5,1800-04
25,Solar cycle 5,1800-05
26,Solar cycle 5,1800-06
27,Solar cycle 5,1800-07
28,Solar cycle 5,1800-08
29,Solar cycle 5,1800-09
30,Solar cycle 5,1800-10
31,Solar cycle 5,1800-11
32,Solar cycle 5,1800-12
33,Solar cycle 5,1801-01
34,Solar cycle 5,1801-02
35,Solar cycle 5,1801-03
36,Solar cycle 5,1801-04
37,Solar cycle 5,1801-05
38,Solar cycle 5,1801-06
39,Solar cycle 5,1801-07
40,Solar cycle 5,1801-08
41,Solar cycle 5,1801-09
42,Solar cycle 5,1801-10
43,Solar cycle 5,1801-11
44,Solar cycle 5,1801-12
45,Solar cycle 5,1802-01
46,Solar cycle 5,1802-02
47,Solar cycle 5,1802-03
48,Solar cycle 5,1802-04
49,Solar cycle 5,1802-05
50,Solar cycle 5,1802-06
51,Solar cycle 5,1802-07
52,Solar cycle 5,1802-08
53,Solar cycle 5,1802-09
54,Solar cycle 5,1802-10
55,Solar cycle 5,1802-11
56,Solar cycle 5,1802-12
57,Solar cycle 5,1803-01
58,Solar cycle 5,1803-02
59,Solar cycle 5,1803-03
60,Solar cycle 5,1803-04
61,Solar cycle 5,1803-05
62,Solar cycle 5,1803-06
63,Solar cycle 5,1803-07
64,Solar cycle 5,1803-08
65,Solar cycle 5,1803-09
66,Solar cycle 5,1803-10
67,Solar cycle 5,1803-11
68,Solar cycle 5,1803-12
69,Solar cycle 5,1804-01
70,Solar cycle 5,1804-02
71,Solar cycle 5,1804-03
72,Solar cycle 5,1804-04
73,Solar cycle 5,1804-05
74,Solar cycle 5,1804-06
75,Solar cycle 5,1804-07
76,Solar cycle 5,1804-08
77,Solar cycle 5,1804-09
78,Solar cycle 5,1804-10
79,Solar cycle 5,1804-11
80,Solar cycle 5,1804-12
81,Solar cycle 5,1805-01
82,Solar cycle 5,1805-02
0,Solar cycle 6,1810-08
1,Solar cycle 6,1810-09
2,Solar cycle 6,1810-10
3,Solar cycle 6,1810-11
4,Solar cycle 6,1810-12
5,Solar cycle 6,1811-01
6,Solar cycle 6,1811-02
7,Solar cycle 6,1811-03
8,Solar cycle 6,1811-04
9,Solar cycle 6,1811-05
10,Solar cycle 6,1811-06
11,Solar cycle 6,1811-07
12,Solar cycle 6,1811-08
13,Solar cycle 6,1811-09
14,Solar cycle 6,1811-10
15,Solar cycle 6,1811-11
16,Solar cycle 6,1811-12
17,Solar cycle 6,1812-01
18,Solar cycle 6,1812-02
19,Solar cycle 6,1812-03
20,Solar cycle 6,1812-04
21,Solar cycle 6,1812-05
22,Solar cycle 6,1812-06
23,Solar cycle 6,1812-07
24,Solar cycle 6,1812-08
25,Solar cycle 6,1812-09
26,Solar cycle 6,1812-10
27,Solar cycle 6,1812-11
28,Solar cycle 6,1812-12
29,Solar cycle 6,1813-01
30,Solar cycle 6,1813-02
31,Solar cycle 6,1813-03
32,Solar cycle 6,1813-04
33,Solar cycle 6,1813-05
34,Solar cycle 6,1813-06
35,Solar cycle 6,1813-07
36,Solar cycle 6,1813-08
37,Solar cycle 6,1813-09
38,Solar cycle 6,1813-10
39,Solar cycle 6,1813-11
40,Solar cycle 6,1813-12
41,Solar cycle 6,1814-01
42,Solar cycle 6,1814-02
43,Solar cycle 6,1814-03
44,Solar cycle 6,1814-04
45,Solar cycle 6,1814-05
46,Solar cycle 6,1814-06
47,Solar cycle 6,1814-07
48,Solar cycle 6,1814-08
49,Solar cycle 6,1814-09
50,Solar cycle 6,1814-10
51,Solar cycle 6,1814-11
52,Solar cycle 6,1814-12
53,Solar cycle 6,1815-01
54,Solar cycle 6,1815-02
55,Solar cycle 6,1815-03
56,Solar cycle 6,1815-04
57,Solar cycle 6,1815-05
58,Solar cycle 6,1815-06
59,Solar cycle 6,1815-07
60,Solar cycle 6,1815-08
61,Solar cycle 6,1815-09
62,Solar cycle 6,1815-10
63,Solar cycle 6,1815-11
64,Solar cycle 6,1815-12
65,Solar cycle 6,1816-01
66,Solar cycle 6,1816-02
67,Solar cycle 6,1816-03
68,Solar cycle 6,1816-04
69,Solar cycle 6,1816-05
0,Solar cycle 7,1823-05
1,Solar cycle 7,1823-06
2,Solar cycle 7,1823-07
3,Solar cycle 7,1823-08
4,Solar cycle 7,1823-09
5,Solar cycle 7,1823-10
6,Solar cycle 7,1823-11
7,Solar cycle 7,1823-12
8,Solar cycle 7,1824-01
9,Solar cycle 7,1824-02
10,Solar cycle 7,1824-03
11,Solar cycle 7,1824-04
12,Solar cycle 7,1824-05
13,Solar cycle 7,1824-06
14,Solar cycle 7,1824-07
15,Solar cycle 7,1824-08
16,Solar cycle 7,1824-09
17,Solar cycle 7,1824-10
18,Solar cycle 7,1824-11
19,Solar cycle 7,1824-12
20,Solar cycle 7,1825-01
21,Solar cycle 7,1825-02
22,Solar cycle 7,1825-03
23,Solar cycle 7,1825-04
24,Solar cycle 7,1825-05
25,Solar cycle 7,1825-06
26,Solar cycle 7,1825-07
27,Solar cycle 7,1825-08
28,Solar cycle 7,1825-09
29,Solar cycle 7,1825-10
30,Solar cycle 7,1825-11
31,Solar cycle 7,1825-12
32,Solar cycle 7,1826-01
33,Solar cycle 7,1826-02
34,Solar cycle 7,1826-03
35,Solar cycle 7,1826-04
36,Solar cycle 7,1826-05
37,Solar cycle 7,1826-06
38,Solar cycle 7,1826-07
39,Solar cycle 7,1826-08
40,Solar cycle 7,1826-09
41,Solar cycle 7,1826-10
42,Solar cycle 7,1826-11
43,Solar cycle 7,1826-12
44,Solar cycle 7,1827-01
45,Solar cycle 7,1827-02
46,Solar cycle 7,1827-03
47,Solar cycle 7,1827-04
48,Solar cycle 7,1827-05
49,Solar cycle 7,1827-06
50,Solar cycle 7,1827-07
51,Solar cycle 7,1827-08
52,Solar cycle 7,1827-09
53,Solar cycle 7,1827-10
54,Solar cycle 7,1827-11
55,Solar cycle 7,1827-12
56,Solar cycle 7,1828-01
57,Solar cycle 7,1828-02
58,Solar cycle 7,1828-03
59,Solar cycle 7,1828-04
60,Solar cycle 7,1828-05
61,Solar cycle 7,1828-06
62,Solar cycle 7,1828-07
63,Solar cycle 7,1828-08
64,Solar cycle 7,1828-09
65,Solar cycle 7,1828-10
66,Solar cycle 7,1828-11
67,Solar cycle 7,1828-12
68,Solar cycle 7,1829-01
69,Solar cycle 7,1829-02
70,Solar cycle 7,1829-03
71,Solar cycle 7,1829-04
72,Solar cycle 7,1829-05
73,Solar cycle 7,1829-06
74,Solar cycle 7,1829-07
75,Solar cycle 7,1829-08
76,Solar cycle 7,1829-09
77,Solar cycle 7,1829-10
78,Solar cycle 7,1829-11
0,Solar cycle 8,1833-11
1,Solar cycle 8,1833-12
2,Solar cycle 8,1834-01
3,Solar cycle 8,1834-02
4,Solar cycle 8,1834-03
5,Solar cycle 8,1834-04
6,Solar cycle 8,1834-05
7,Solar cycle 8,1834-06
8,Solar cycle 8,1834-07
9,Solar cycle 8,1834-08
10,Solar cycle 8,1834-09
11,Solar cycle 8,1834-10
12,Solar cycle 8,1834-11
13,Solar cycle 8,1834-12
14,Solar cycle 8,1835-01
15,Solar cycle 8,1835-02
16,Solar cycle 8,1835-03
17,Solar cycle 8,1835-04
18,Solar cycle 8,1835-05
19,Solar cycle 8,1835-06
20,Solar cycle 8,1835-07
21,Solar cycle 8,1835-08
22,Solar cycle 8,1835-09
23,Solar cycle 8,1835-10
24,Solar cycle 8,1835-11
25,Solar cycle 8,1835-12
26,Solar cycle 8,1836-01
27,Solar cycle 8,1836-02
28,Solar cycle 8,1836-03
29,Solar cycle 8,1836-04
30,Solar cycle 8,1836-05
31,Solar cycle 8,1836-06
32,Solar cycle 8,1836-07
33,Solar cycle 8,1836-08
34,Solar cycle 8,1836-09
35,Solar cycle 8,1836-10
36,Solar cycle 8,1836-11
37,Solar cycle 8,1836-12
38,Solar cycle 8,1837-01
39,Solar cycle 8,1837-02
40,Solar cycle 8,1837-03
0,Solar cycle 9,1843-07
1,Solar cycle 9,1843-08
2,Solar cycle 9,1843-09
3,Solar cycle 9,1843-10
4,Solar cycle 9,1843-11
5,Solar cycle 9,1843-12
6,Solar cycle 9,1844-01
7,Solar cycle 9,1844-02
8,Solar cycle 9,1844-03
9,Solar cycle 9,1844-04
10,Solar cycle 9,1844-05
11,Solar cycle 9,1844-06
12,Solar cycle 9,1844-07
13,Solar cycle 9,1844-08
14,Solar cycle 9,1844-09
15,Solar cycle 9,1844-10
16,Solar cycle 9,1844-11
17,Solar cycle 9,1844-12
18,Solar cycle 9,1845-01
19,Solar cycle 9,1845-02
20,Solar cycle 9,1845-03
21,Solar cycle 9,1845-04
22,Solar cycle 9,1845-05
23,Solar cycle 9,1845-06
24,Solar cycle 9,1845-07
25,Solar cycle 9,1845-08
26,Solar cycle 9,1845-09
27,Solar cycle 9,1845-10
28,Solar cycle 9,1845-11
29,Solar cycle 9,1845-12
30,Solar cycle 9,1846-01
31,Solar cycle 9,1846-02
32,Solar cycle 9,1846-03
33,Solar cycle 9,1846-04
34,Solar cycle 9,1846-05
35,Solar cycle 9,1846-06
36,Solar cycle 9,1846-07
37,Solar cycle 9,1846-08
38,Solar cycle 9,1846-09
39,Solar cycle 9,1846-10
40,Solar cycle 9,1846-11
41,Solar cycle 9,1846-12
42,Solar cycle 9,1847-01
43,Solar cycle 9,1847-02
44,Solar cycle 9,1847-03
45,Solar cycle 9,1847-04
46,Solar cycle 9,1847-05
47,Solar cycle 9,1847-06
48,Solar cycle 9,1847-07
49,Solar cycle 9,1847-08
50,Solar cycle 9,1847-09
51,Solar cycle 9,1847-10
52,Solar cycle 9,1847-11
53,Solar cycle 9,1847-12
54,Solar cycle 9,1848-01
55,Solar cycle 9,1848-02
0,Solar cycle 10,1855-12
1,Solar cycle 10,1856-01
2,Solar cycle 10,1856-02
3,Solar cycle 10,1856-03
4,Solar cycle 10,1856-04
5,Solar cycle 10,1856-05
6,Solar cycle 10,1856-06
7,Solar cycle 10,1856-07
8,Solar cycle 10,1856-08
9,Solar cycle 10,1856-09
10,Solar cycle 10,1856-10
11,Solar cycle 10,1856-11
12,Solar cycle 10,1856-12
13,Solar cycle 10,1857-01
14,Solar cycle 10,1857-02
15,Solar cycle 10,1857-03
16,Solar cycle 10,1857-04
17,Solar cycle 10,1857-05
18,Solar cycle 10,1857-06
19,Solar cycle 10,1857-07
20,Solar cycle 10,1857-08
21,Solar cycle 10,1857-09
22,Solar cycle 10,1857-10
23,Solar cycle 10,1857-11
24,Solar cycle 10,1857-12
25,Solar cycle 10,1858-01
26,Solar cycle 10,1858-02
27,Solar cycle 10,1858-03
28,Solar cycle 10,1858-04
29,Solar cycle 10,1858-05
30,Solar cycle 10,1858-06
31,Solar cycle 10,1858-07
32,Solar cycle 10,1858-08
33,Solar cycle 10,1858-09
34,Solar cycle 10,1858-10
35,Solar cycle 10,1858-11
36,Solar cycle 10,1858-12
37,Solar cycle 10,1859-01
38,Solar cycle 10,1859-02
39,Solar cycle 10,1859-03
40,Solar cycle 10,1859-04
41,Solar cycle 10,1859-05
42,Solar cycle 10,1859-06
43,Solar cycle 10,1859-07
44,Solar cycle 10,1859-08
45,Solar cycle 10,1859-09
46,Solar cycle 10,1859-10
47,Solar cycle 10,1859-11
48,Solar cycle 10,1859-12
49,Solar cycle 10,1860-01
50,Solar cycle 10,1860-02
0,Solar cycle 11,1867-03
1,Solar cycle 11,1867-04
2,Solar cycle 11,1867-05
3,Solar cycle 11,1867-06
4,Solar cycle 11,1867-07
5,Solar cycle 11,1867-08
6,Solar cycle 11,1867-09
7,Solar cycle 11,1867-10
8,Solar cycle 11,1867-11
9,Solar cycle 11,1867-12
10,Solar cycle 11,1868-01
11,Solar cycle 11,1868-02
12,Solar cycle 11,1868-03
13,Solar cycle 11,1868-04
14,Solar cycle 11,1868-05
15,Solar cycle 11,1868-06
16,Solar cycle 11,1868-07
17,Solar cycle 11,1868-08
18,Solar cycle 11,1868-09
19,Solar cycle 11,1868-10
20,Solar cycle 11,1868-11
21,Solar cycle 11,1868-12
22,Solar cycle 11,1869-01
23,Solar cycle 11,1869-02
24,Solar cycle 11,1869-03
25,Solar cycle 11,1869-04
26,Solar cycle 11,1869-05
27,Solar cycle 11,1869-06
28,Solar cycle 11,1869-07
29,Solar cycle 11,1869-08
30,Solar cycle 11,1869-09
31,Solar cycle 11,1869-10
32,Solar cycle 11,1869-11
33,Solar cycle 11,1869-12
34,Solar cycle 11,1870-01
35,Solar cycle 11,1870-02
36,Solar cycle 11,1870-03
37,Solar cycle 11,1870-04
38,Solar cycle 11,1870-05
39,Solar cycle 11,1870-06
40,Solar cycle 11,1870-07
41,Solar cycle 11,1870-08
0,Solar cycle 12,1878-12
1,Solar cycle 12,1879-01
2,Solar cycle 12,1879-02
3,Solar cycle 12,1879-03
4,Solar cycle 12,1879-04
5,Solar cycle 12,1879-05
6,Solar cycle 12,1879-06
7,Solar cycle 12,1879-07
8,Solar cycle 12,1879-08
9,Solar cycle 12,1879-09
10,Solar cycle 12,1879-10
11,Solar cycle 12,1879-11
12,Solar cycle 12,1879-12
13,Solar cycle 12,1880-01
14,Solar cycle 12,1880-02
15,Solar cycle 12,1880-03
16,Solar cycle 12,1880-04
17,Solar cycle 12,1880-05
18,Solar cycle 12,1880-06
19,Solar cycle 12,1880-07
20,Solar cycle 12,1880-08
21,Solar cycle 12,1880-09
22,Solar cycle 12,1880-10
23,Solar cycle 12,1880-11
24,Solar cycle 12,1880-12
25,Solar cycle 12,1881-01
26,Solar cycle 12,1881-02
27,Solar cycle 12,1881-03
28,Solar cycle 12,1881-04
29,Solar cycle 12,1881-05
30,Solar cycle 12,1881-06
31,Solar cycle 12,1881-07
32,Solar cycle 12,1881-08
33,Solar cycle 12,1881-09
34,Solar cycle 12,1881-10
35,Solar cycle 12,1881-11
36,Solar cycle 12,1881-12
37,Solar cycle 12,1882-01
38,Solar cycle 12,1882-02
39,Solar cycle 12,1882-03
40,Solar cycle 12,1882-04
41,Solar cycle 12,1882-05
42,Solar cycle 12,1882-06
43,Solar cycle 12,1882-07
44,Solar cycle 12,1882-08
45,Solar cycle 12,1882-09
46,Solar cycle 12,1882-10
47,Solar cycle 12,1882-11
48,Solar cycle 12,1882-12
49,Solar cycle 12,1883-01
50,Solar cycle 12,1883-02
51,Solar cycle 12,1883-03
52,Solar cycle 12,1883-04
53,Solar cycle 12,1883-05
54,Solar cycle 12,1883-06
55,Solar cycle 12,1883-07
56,Solar cycle 12,1883-08
57,Solar cycle 12,1883-09
58,Solar cycle 12,1883-10
59,Solar cycle 12,1883-11
60,Solar cycle 12,1883-12
0,Solar cycle 13,1890-03
1,Solar cycle 13,1890-04
2,Solar cycle 13,1890-05
3,Solar cycle 13,1890-06
4,Solar cycle 13,1890-07
5,Solar cycle 13,1890-08
6,Solar cycle 13,1890-09
7,Solar cycle 13,1890-10
8,Solar cycle 13,1890-11
9,Solar cycle 13,1890-12
10,Solar cycle 13,1891-01
11,Solar cycle 13,1891-02
12,Solar cycle 13,1891-03
13,Solar cycle 13,1891-04
14,Solar cycle 13,1891-05
15,Solar cycle 13,1891-06
16,Solar cycle 13,1891-07
17,Solar cycle 13,1891-08
18,Solar cycle 13,1891-09
19,Solar cycle 13,1891-10
20,Solar cycle 13,1891-11
21,Solar cycle 13,1891-12
22,Solar cycle 13,1892-01
23,Solar cycle 13,1892-02
24,Solar cycle 13,1892-03
25,Solar cycle 13,1892-04
26,Solar cycle 13,1892-05
27,Solar cycle 13,1892-06
28,Solar cycle 13,1892-07
29,Solar cycle 13,1892-08
30,Solar cycle 13,1892-09
31,Solar cycle 13,1892-10
32,Solar cycle 13,1892-11
33,Solar cycle 13,1892-12
34,Solar cycle 13,1893-01
35,Solar cycle 13,1893-02
36,Solar cycle 13,1893-03
37,Solar cycle 13,1893-04
38,Solar cycle 13,1893-05
39,Solar cycle 13,1893-06
40,Solar cycle 13,1893-07
41,Solar cycle 13,1893-08
42,Solar cycle 13,1893-09
43,Solar cycle 13,1893-10
44,Solar cycle 13,1893-11
45,Solar cycle 13,1893-12
46,Solar cycle 13,1894-01
0,Solar cycle 14,1902-01
1,Solar cycle 14,1902-02
2,Solar cycle 14,1902-03
3,Solar cycle 14,1902-04
4,Solar cycle 14,1902-05
5,Solar cycle 14,1902-06
6,Solar cycle 14,1902-07
7,Solar cycle 14,1902-08
8,Solar cycle 14,1902-09
9,Solar cycle 14,1902-10
10,Solar cycle 14,1902-11
11,Solar cycle 14,1902-12
12,Solar cycle 14,1903-01
13,Solar cycle 14,1903-02
14,Solar cycle 14,1903-03
15,Solar cycle 14,1903-04
16,Solar cycle 14,1903-05
17,Solar cycle 14,1903-06
18,Solar cycle 14,1903-07
19,Solar cycle 14,1903-08
20,Solar cycle 14,1903-09
21,Solar cycle 14,1903-10
22,Solar cycle 14,1903-11
23,Solar cycle 14,1903-12
24,Solar cycle 14,1904-01
25,Solar cycle 14,1904-02
26,Solar cycle 14,1904-03
27,Solar cycle 14,1904-04
28,Solar cycle 14,1904-05
29,Solar cycle 14,1904-06
30,Solar cycle 14,1904-07
31,Solar cycle 14,1904-08
32,Solar cycle 14,1904-09
33,Solar cycle 14,1904-10
34,Solar cycle 14,1904-11
35,Solar cycle 14,1904-12
36,Solar cycle 14,1905-01
37,Solar cycle 14,1905-02
38,Solar cycle 14,1905-03
39,Solar cycle 14,1905-04
40,Solar cycle 14,1905-05
41,Solar cycle 14,1905-06
42,Solar cycle 14,1905-07
43,Solar cycle 14,1905-08
44,Solar cycle 14,1905-09
45,Solar cycle 14,1905-10
46,Solar cycle 14,1905-11
47,Solar cycle 14,1905-12
48,Solar cycle 14,1906-01
49,Solar cycle 14,1906-02
0,Solar cycle 15,1913-07
1,Solar cycle 15,1913-08
2,Solar cycle 15,1913-09
3,Solar cycle 15,1913-10
4,Solar cycle 15,1913-11
5,Solar cycle 15,1913-12
6,Solar cycle 15,1914-01
7,Solar cycle 15,1914-02
8,Solar cycle 15,1914-03
9,Solar cycle 15,1914-04
10,Solar cycle 15,1914-05
11,Solar cycle 15,1914-06
12,Solar cycle 15,1914-07
13,Solar cycle 15,1914-08
14,Solar cycle 15,1914-09
15,Solar cycle 15,1914-10
16,Solar cycle 15,1914-11
17,Solar cycle 15,1914-12
18,Solar cycle 15,1915-01
19,Solar cycle 15,1915-02
20,Solar cycle 15,1915-03
21,Solar cycle 15,1915-04
22,Solar cycle 15,1915-05
23,Solar cycle 15,1915-06
24,Solar cycle 15,1915-07
25,Solar cycle 15,1915-08
26,Solar cycle 15,1915-09
27,Solar cycle 15,1915-10
28,Solar cycle 15,1915-11
29,Solar cycle 15,1915-12
30,Solar cycle 15,1916-01
31,Solar cycle 15,1916-02
32,Solar cycle 15,1916-03
33,Solar cycle 15,1916-04
34,Solar cycle 15,1916-05
35,Solar cycle 15,1916-06
36,Solar cycle 15,1916-07
37,Solar cycle 15,1916-08
38,Solar cycle 15,1916-09
39,Solar cycle 15,1916-10
40,Solar cycle 15,1916-11
41,Solar cycle 15,1916-12
42,Solar cycle 15,1917-01
43,Solar cycle 15,1917-02
44,Solar cycle 15,1917-03
45,Solar cycle 15,1917-04
46,Solar cycle 15,1917-05
47,Solar cycle 15,1917-06
48,Solar cycle 15,1917-07
49,Solar cycle 15,1917-08
0,Solar cycle 16,1923-08
1,Solar cycle 16,1923-09
2,Solar cycle 16,1923-10
3,Solar cycle 16,1923-11
4,Solar cycle 16,1923-12
5,Solar cycle 16,1924-01
6,Solar cycle 16,1924-02
7,Solar cycle 16,1924-03
8,Solar cycle 16,1924-04
9,Solar cycle 16,1924-05
10,Solar cycle 16,1924-06
11,Solar cycle 16,1924-07
12,Solar cycle 16,1924-08
13,Solar cycle 16,1924-09
14,Solar cycle 16,1924-10
15,Solar cycle 16,1924-11
16,Solar cycle 16,1924-12
17,Solar cycle 16,1925-01
18,Solar cycle 16,1925-02
19,Solar cycle 16,1925-03
20,Solar cycle 16,1925-04
21,Solar cycle 16,1925-05
22,Solar cycle 16,1925-06
23,Solar cycle 16,1925-07
24,Solar cycle 16,1925-08
25,Solar cycle 16,1925-09
26,Solar cycle 16,1925-10
27,Solar cycle 16,1925-11
28,Solar cycle 16,1925-12
29,Solar cycle 16,1926-01
30,Solar cycle 16,1926-02
31,Solar cycle 16,1926-03
32,Solar cycle 16,1926-04
33,Solar cycle 16,1926-05
34,Solar cycle 16,1926-06
35,Solar cycle 16,1926-07
36,Solar cycle 16,1926-08
37,Solar cycle 16,1926-09
38,Solar cycle 16,1926-10
39,Solar cycle 16,1926-11
40,Solar cycle 16,1926-12
41,Solar cycle 16,1927-01
42,Solar cycle 16,1927-02
43,Solar cycle 16,1927-03
44,Solar cycle 16,1927-04
45,Solar cycle 16,1927-05
46,Solar cycle 16,1927-06
47,Solar cycle 16,1927-07
48,Solar cycle 16,1927-08
49,Solar cycle 16,1927-09
50,Solar cycle 16,1927-10
51,Solar cycle 16,1927-11
52,Solar cycle 16,1927-12
53,Solar cycle 16,1928-01
54,Solar cycle 16,1928-02
55,Solar cycle 16,1928-03
56,Solar cycle 16,1928-04
0,Solar cycle 17,1933-09
1,Solar cycle 17,1933-10
2,Solar cycle 17,1933-11
3,Solar cycle 17,1933-12
4,Solar cycle 17,1934-01
5,Solar cycle 17,1934-02
6,Solar cycle 17,1934-03
7,Solar cycle 17,1934-04
8,Solar cycle 17,1934-05
9,Solar cycle 17,1934-06
10,Solar cycle 17,1934-07
11,Solar cycle 17,1934-08
12,Solar cycle 17,1934-09
13,Solar cycle 17,1934-10
14,Solar cycle 17,1934-11
15,Solar cycle 17,1934-12
16,Solar cycle 17,1935-01
17,Solar cycle 17,1935-02
18,Solar cycle 17,1935-03
19,Solar cycle 17,1935-04
20,Solar cycle 17,1935-05
21,Solar cycle 17,1935-06
22,Solar cycle 17,1935-07
23,Solar cycle 17,1935-08
24,Solar cycle 17,1935-09
25,Solar cycle 17,1935-10
26,Solar cycle 17,1935-11
27,Solar cycle 17,1935-12
28,Solar cycle 17,1936-01
29,Solar cycle 17,1936-02
30,Solar cycle 17,1936-03
31,Solar cycle 17,1936-04
32,Solar cycle 17,1936-05
33,Solar cycle 17,1936-06
34,Solar cycle 17,1936-07
35,Solar cycle 17,1936-08
36,Solar cycle 17,1936-09
37,Solar cycle 17,1936-10
38,Solar cycle 17,1936-11
39,Solar cycle 17,1936-12
40,Solar cycle 17,1937-01
41,Solar cycle 17,1937-02
42,Solar cycle 17,1937-03
43,Solar cycle 17,1937-04
0,Solar cycle 18,1944-02
1,Solar cycle 18,1944-03
2,Solar cycle 18,1944-04
3,Solar cycle 18,1944-05
4,Solar cycle 18,1944-06
5,Solar cycle 18,1944-07
6,Solar cycle 18,1944-08
7,Solar cycle 18,1944-09
8,Solar cycle 18,1944-10
9,Solar cycle 18,1944-11
10,Solar cycle 18,1944-12
11,Solar cycle 18,1945-01
12,Solar cycle 18,1945-02
13,Solar cycle 18,1945-03
14,Solar cycle 18,1945-04
15,Solar cycle 18,1945-05
16,Solar cycle 18,1945-06
17,Solar cycle 18,1945-07
18,Solar cycle 18,1945-08
19,Solar cycle 18,1945-09
20,Solar cycle 18,1945-10
21,Solar cycle 18,1945-11
22,Solar cycle 18,1945-12
23,Solar cycle 18,1946-01
24,Solar cycle 18,1946-02
25,Solar cycle 18,1946-03
26,Solar cycle 18,1946-04
27,Solar cycle 18,1946-05
28,Solar cycle 18,1946-06
29,Solar cycle 18,1946-07
30,Solar cycle 18,1946-08
31,Solar cycle 18,1946-09
32,Solar cycle 18,1946-10
33,Solar cycle 18,1946-11
34,Solar cycle 18,1946-12
35,Solar cycle 18,1947-01
36,Solar cycle 18,1947-02
37,Solar cycle 18,1947-03
38,Solar cycle 18,1947-04
39,Solar cycle 18,1947-05
0,Solar cycle 19,1954-04
1,Solar cycle 19,1954-05
2,Solar cycle 19,1954-06
3,Solar cycle 19,1954-07
4,Solar cycle 19,1954-08
5,Solar cycle 19,1954-09
6,Solar cycle 19,1954-10
7,Solar cycle 19,1954-11
8,Solar cycle 19,1954-12
9,Solar cycle 19,1955-01
10,Solar cycle 19,1955-02
11,Solar cycle 19,1955-03
12,Solar cycle 19,1955-04
13,Solar cycle 19,1955-05
14,Solar cycle 19,1955-06
15,Solar cycle 19,1955-07
16,Solar cycle 19,1955-08
17,Solar cycle 19,1955-09
18,Solar cycle 19,1955-10
19,Solar cycle 19,1955-11
20,Solar cycle 19,1955-12
21,Solar cycle 19,1956-01
22,Solar cycle 19,1956-02
23,Solar cycle 19,1956-03
24,Solar cycle 19,1956-04
25,Solar cycle 19,1956-05
26,Solar cycle 19,1956-06
27,Solar cycle 19,1956-07
28,Solar cycle 19,1956-08
29,Solar cycle 19,1956-09
30,Solar cycle 19,1956-10
31,Solar cycle 19,1956-11
32,Solar cycle 19,1956-12
33,Solar cycle 19,1957-01
34,Solar cycle 19,1957-02
35,Solar cycle 19,1957-03
36,Solar cycle 19,1957-04
37,Solar cycle 19,1957-05
38,Solar cycle 19,1957-06
39,Solar cycle 19,1957-07
40,Solar cycle 19,1957-08
41,Solar cycle 19,1957-09
42,Solar cycle 19,1957-10
43,Solar cycle 19,1957-11
44,Solar cycle 19,1957-12
45,Solar cycle 19,1958-01
46,Solar cycle 19,1958-02
47,Solar cycle 19,1958-03
0,Solar cycle 20,1964-10
1,Solar cycle 20,1964-11
2,Solar cycle 20,1964-12
3,Solar cycle 20,1965-01
4,Solar cycle 20,1965-02
5,Solar cycle 20,1965-03
6,Solar cycle 20,1965-04
7,Solar cycle 20,1965-05
8,Solar cycle 20,1965-06
9,Solar cycle 20,1965-07
10,Solar cycle 20,1965-08
11,Solar cycle 20,1965-09
12,Solar cycle 20,1965-10
13,Solar cycle 20,1965-11
14,Solar cycle 20,1965-12
15,Solar cycle 20,1966-01
16,Solar cycle 20,1966-02
17,Solar cycle 20,1966-03
18,Solar cycle 20,1966-04
19,Solar cycle 20,1966-05
20,Solar cycle 20,1966-06
21,Solar cycle 20,1966-07
22,Solar cycle 20,1966-08
23,Solar cycle 20,1966-09
24,Solar cycle 20,1966-10
25,Solar cycle 20,1966-11
26,Solar cycle 20,1966-12
27,Solar cycle 20,1967-01
28,Solar cycle 20,1967-02
29,Solar cycle 20,1967-03
30,Solar cycle 20,1967-04
31,Solar cycle 20,1967-05
32,Solar cycle 20,1967-06
33,Solar cycle 20,1967-07
34,Solar cycle 20,1967-08
35,Solar cycle 20,1967-09
36,Solar cycle 20,1967-10
37,Solar cycle 20,1967-11
38,Solar cycle 20,1967-12
39,Solar cycle 20,1968-01
40,Solar cycle 20,1968-02
41,Solar cycle 20,1968-03
42,Solar cycle 20,1968-04
43,Solar cycle 20,1968-05
44,Solar cycle 20,1968-06
45,Solar cycle 20,1968-07
46,Solar cycle 20,1968-08
47,Solar cycle 20,1968-09
48,Solar cycle 20,1968-10
49,Solar cycle 20,1968-11
0,Solar cycle 21,1976-03
1,Solar cycle 21,1976-04
2,Solar cycle 21,1976-05
3,Solar cycle 21,1976-06
4,Solar cycle 21,1976-07
5,Solar cycle 21,1976-08
6,Solar cycle 21,1976-09
7,Solar cycle 21,1976-10
8,Solar cycle 21,1976-11
9,Solar cycle 21,1976-12
10,Solar cycle 21,1977-01
11,Solar cycle 21,1977-02
12,Solar cycle 21,1977-03
13,Solar cycle 21,1977-04
14,Solar cycle 21,1977-05
15,Solar cycle 21,1977-06
16,Solar cycle 21,1977-07
17,Solar cycle 21,1977-08
18,Solar cycle 21,1977-09
19,Solar cycle 21,1977-10
20,Solar cycle 21,1977-11
21,Solar cycle 21,1977-12
22,Solar cycle 21,1978-01
23,Solar cycle 21,1978-02
24,Solar cycle 21,1978-03
25,Solar cycle 21,1978-04
26,Solar cycle 21,1978-05
27,Solar cycle 21,1978-06
28,Solar cycle 21,1978-07
29,Solar cycle 21,1978-08
30,Solar cycle 21,1978-09
31,Solar cycle 21,1978-10
32,Solar cycle 21,1978-11
33,Solar cycle 21,1978-12
34,Solar cycle 21,1979-01
35,Solar cycle 21,1979-02
36,Solar cycle 21,1979-03
37,Solar cycle 21,1979-04
38,Solar cycle 21,1979-05
39,Solar cycle 21,1979-06
40,Solar cycle 21,1979-07
41,Solar cycle 21,1979-08
42,Solar cycle 21,1979-09
43,Solar cycle 21,1979-10
44,Solar cycle 21,1979-11
45,Solar cycle 21,1979-12
0,Solar cycle 22,1986-09
1,Solar cycle 22,1986-10
2,Solar cycle 22,1986-11
3,Solar cycle 22,1986-12
4,Solar cycle 22,1987-01
5,Solar cycle 22,1987-02
6,Solar cycle 22,1987-03
7,Solar cycle 22,1987-04
8,Solar cycle 22,1987-05
9,Solar cycle 22,1987-06
10,Solar cycle 22,1987-07
11,Solar cycle 22,1987-08
12,Solar cycle 22,1987-09
13,Solar cycle 22,1987-10
14,Solar cycle 22,1987-11
15,Solar cycle 22,1987-12
16,Solar cycle 22,1988-01
17,Solar cycle 22,1988-02
18,Solar cycle 22,1988-03
19,Solar cycle 22,1988-04
20,Solar cycle 22,1988-05
21,Solar cycle 22,1988-06
22,Solar cycle 22,1988-07
23,Solar cycle 22,1988-08
24,Solar cycle 22,1988-09
25,Solar cycle 22,1988-10
26,Solar cycle 22,1988-11
27,Solar cycle 22,1988-12
28,Solar cycle 22,1989-01
29,Solar cycle 22,1989-02
30,Solar cycle 22,1989-03
31,Solar cycle 22,1989-04
32,Solar cycle 22,1989-05
33,Solar cycle 22,1989-06
34,Solar cycle 22,1989-07
35,Solar cycle 22,1989-08
36,Solar cycle 22,1989-09
37,Solar cycle 22,1989-10
38,Solar cycle 22,1989-11
0,Solar cycle 23,1996-08
1,Solar cycle 23,1996-09
2,Solar cycle 23,1996-10
3,Solar cycle 23,1996-11
4,Solar cycle 23,1996-12
5,Solar cycle 23,1997-01
6,Solar cycle 23,1997-02
7,Solar cycle 23,1997-03
8,Solar cycle 23,1997-04
9,Solar cycle 23,1997-05
10,Solar cycle 23,1997-06
11,Solar cycle 23,1997-07
12,Solar cycle 23,1997-08
13,Solar cycle 23,1997-09
14,Solar cycle 23,1997-10
15,Solar cycle 23,1997-11
16,Solar cycle 23,1997-12
17,Solar cycle 23,1998-01
18,Solar cycle 23,1998-02
19,Solar cycle 23,1998-03
20,Solar cycle 23,1998-04
21,Solar cycle 23,1998-05
22,Solar cycle 23,1998-06
23,Solar cycle 23,1998-07
24,Solar cycle 23,1998-08
25,Solar cycle 23,1998-09
26,Solar cycle 23,1998-10
27,Solar cycle 23,1998-11
28,Solar cycle 23,1998-12
29,Solar cycle 23,1999-01
30,Solar cycle 23,1999-02
31,Solar cycle 23,1999-03
32,Solar cycle 23,1999-04
33,Solar cycle 23,1999-05
34,Solar cycle 23,1999-06
35,Solar cycle 23,1999-07
36,Solar cycle 23,1999-08
37,Solar cycle 23,1999-09
38,Solar cycle 23,1999-10
39,Solar cycle 23,1999-11
40,Solar cycle 23,1999-12
41,Solar cycle 23,2000-01
42,Solar cycle 23,2000-02
43,Solar cycle 23,2000-03
44,Solar cycle 23,2000-04
45,Solar cycle 23,2000-05
46,Solar cycle 23,2000-06
47,Solar cycle 23,2000-07
48,Solar cycle 23,2000-08
49,Solar cycle 23,2000-09
50,Solar cycle 23,2000-10
51,Solar cycle 23,2000-11
52,Solar cycle 23,2000-12
53,Solar cycle 23,2001-01
54,Solar cycle 23,2001-02
55,Solar cycle 23,2001-03
56,Solar cycle 23,2001-04
57,Solar cycle 23,2001-05
58,Solar cycle 23,2001-06
59,Solar cycle 23,2001-07
60,Solar cycle 23,2001-08
61,Solar cycle 23,2001-09
62,Solar cycle 23,2001-10
63,Solar cycle 23,2001-11
0,Solar cycle 24,2008-12
1,Solar cycle 24,2009-01
2,Solar cycle 24,2009-02
3,Solar cycle 24,2009-03
4,Solar cycle 24,2009-04
5,Solar cycle 24,2009-05
6,Solar cycle 24,2009-06
7,Solar cycle 24,2009-07
8,Solar cycle 24,2009-08
9,Solar cycle 24,2009-09
10,Solar cycle 24,2009-10
11,Solar cycle 24,2009-11
12,Solar cycle 24,2009-12
13,Solar cycle 24,2010-01
14,Solar cycle 24,2010-02
15,Solar cycle 24,2010-03
16,Solar cycle 24,2010-04
17,Solar cycle 24,2010-05
18,Solar cycle 24,2010-06
19,Solar cycle 24,2010-07
20,Solar cycle 24,2010-08
21,Solar cycle 24,2010-09
22,Solar cycle 24,2010-10
23,Solar cycle 24,2010-11
24,Solar cycle 24,2010-12
25,Solar cycle 24,2011-01
26,Solar cycle 24,2011-02
27,Solar cycle 24,2011-03
28,Solar cycle 24,2011-04
29,Solar cycle 24,2011-05
30,Solar cycle 24,2011-06
31,Solar cycle 24,2011-07
32,Solar cycle 24,2011-08
33,Solar cycle 24,2011-09
34,Solar cycle 24,2011-10
35,Solar cycle 24,2011-11
36,Solar cycle 24,2011-12
37,Solar cycle 24,2012-01
38,Solar cycle 24,2012-02
39,Solar cycle 24,2012-03
40,Solar cycle 24,2012-04
41,Solar cycle 24,2012-05
42,Solar cycle 24,2012-06
43,Solar cycle 24,2012-07
44,Solar cycle 24,2012-08
45,Solar cycle 24,2012-09
46,Solar cycle 24,2012-10
47,Solar cycle 24,2012-11
48,Solar cycle 24,2012-12
49,Solar cycle 24,2013-01
50,Solar cycle 24,2013-02
51,Solar cycle 24,2013-03
52,Solar cycle 24,2013-04
53,Solar cycle 24,2013-05
54,Solar cycle 24,2013-06
55,Solar cycle 24,2013-07
56,Solar cycle 24,2013-08
57,Solar cycle 24,2013-09
58,Solar cycle 24,2013-10
59,Solar cycle 24,2013-11
60,Solar cycle 24,2013-12
61,Solar cycle 24,2014-01
62,Solar cycle 24,2014-02
63,Solar cycle 24,2014-03
64,Solar cycle 24,2014-04
